comune,provincia,CODISTAT,CODICE_ISTAT,civici_georeferenziati
GENOVA,GE,010025,010025,133125
FIRENZE,FI,048017,048017,109036
RAVENNA,RA,039014,039014,77887
BOLOGNA,BO,037006,037006,76657
FERRARA,FE,038008,038008,57109
FORLÌ,FC,040012,040012,51264
CESENA,FC,040007,040007,37634
PARMA,PR,034027,034027,35656
GROSSETO,GR,053011,053011,33872
CARRARA,MS,045003,045003,27050
CREMONA,CR,019036,019036,26107
TRENTO,TN,022205,022205,26061
NOVARA,NO,003106,003106,25368
TREVISO,TV,026086,026086,25041
IMOLA,BO,037032,037032,21705
LUGO,RA,039012,039012,21568
PAVIA,PV,018110,018110,20449
SIENA,SI,052032,052032,19469
JESOLO,VE,027019,027019,18237
BRESCIA,BS,017029,017029,14714
SENIGALLIA,AN,042045,042045,14294
VARESE,VA,012133,012133,13742
BAGNACAVALLO,RA,039002,039002,12434
ADRANO,CT,087006,087006,11997
PACECO,TP,081013,081013,11251
POGGIBONSI,SI,052022,052022,11167
MIRA,VE,027023,027023,10819
ACQUI TERME,AL,006001,006001,10304
ROSÀ,VI,024087,024087,10182
CHIOGGIA,VE,027008,027008,9834
PONTEDERA,PI,050029,050029,9478
ALFONSINE,RA,039001,039001,8957
SAN VINCENZO,LI,049018,049018,8238
CAMPI BISENZIO,FI,048006,048006,7854
PORTO VIRO,RO,029052,029052,7837
PINETO,TE,067035,067035,7385
CAMPLI,TE,067008,067008,7294
CONSELICE,RA,039008,039008,7247
CORBETTA,MI,015085,015085,7090
ACATE,RG,088001,088001,6920
MONTALE,PT,047010,047010,6811
EBOLI,SA,065050,065050,6484
COSENZA,CS,078045,078045,6392
MASSA LOMBARDA,RA,039013,039013,6301
GUALDO TADINO,PG,054023,054023,6245
VILLASIMIUS,SU,111105,111105,6075
CARMIGNANO,PO,100002,100002,6003
SAN LAZZARO DI SAVENA,BO,037054,037054,6000
TEZZE SUL BRENTA,VI,024104,024104,5793
FUSIGNANO,RA,039011,039011,5717
MONTEMARCIANO,AN,042027,042027,5458
SAN VERO MILIS,OR,095050,095050,5435
ARENZANO,GE,010001,010001,5391
SAN VITO AL TAGLIAMENTO,PN,093041,093041,5390
CASTELNUOVO RANGONE,MO,036007,036007,5295
ALBA ADRIATICA,TE,067001,067001,5294
CHIETI,CH,069022,069022,5173
COTIGNOLA,RA,039009,039009,5088
PALMA DI MONTECHIARO,AG,084027,084027,5064
SERRENTI,SU,111078,111078,4902
RECOARO TERME,VI,024084,024084,4877
GORIZIA,GO,031007,031007,4860
CASTELLETTO SOPRA TICINO,NO,003043,003043,4826
CIVITELLA IN VAL DI CHIANA,AR,051016,051016,4822
NEPI,VT,056039,056039,4789
ROVERBELLA,MN,020053,020053,4622
MARSCIANO,PG,054027,054027,4185
PALAU,SS,090054,090054,4158
ASIAGO,VI,024009,024009,4081
MUSILE DI PIAVE,VE,027025,027025,4067
MERATE,LC,097048,097048,4058
PETILIA POLICASTRO,KR,101017,101017,4000
CINQUEFRONDI,RC,080027,080027,4000
VILLAPIANA,CS,078154,078154,3949
OLEVANO SUL TUSCIANO,SA,065082,065082,3875
CORTE FRANCA,BS,017062,017062,3869
SAN VITO,SU,111066,111066,3813
SASSUOLO,MO,036040,036040,3732
SISSA TRECASALI,PR,034049,034049,3718
CASTELGOMBERTO,VI,024028,024028,3707
SCURCOLA MARSICANA,AQ,066096,066096,3586
BELLINZAGO NOVARESE,NO,003016,003016,3514
ARIENZO,CE,061004,061004,3464
CORSANO,LE,075024,075024,3447
CAMPAGNA,SA,065022,065022,3412
COLLECCHIO,PR,034009,034009,3341
MAJANO,UD,030053,030053,3334
CALIMERA,LE,075010,075010,3272
CASOLI,CH,069017,069017,3219
VENARIA REALE,TO,001292,001292,3218
CASORATE SEMPIONE,VA,012039,012039,3049
MUSSOLENTE,VI,024070,024070,2999
MONTE URANO,FM,109024,109024,2968
ACQUEDOLCI,ME,083107,083107,2940
COMISO,RG,088003,088003,2909
PIOLTELLO,MI,015175,015175,2904
SERSALE,CZ,079130,079130,2902
MOLINELLA,BO,037039,037039,2899
TARCENTO,UD,030116,030116,2890
PONTE SAN PIETRO,BG,016170,016170,2886
COLLELONGO,AQ,066039,066039,2886
FOSSÒ,VE,027017,027017,2854
COPPARO,FE,038007,038007,2805
CASTELLANA SICULA,PA,082024,082024,2765
BRANDIZZO,TO,001034,001034,2717
VIGONOVO,VE,027043,027043,2709
CASTELDACCIA,PA,082023,082023,2666
CERIANA,IM,008016,008016,2661
VILLANOVA DI CAMPOSAMPIERO,PD,028104,028104,2659
SERRAMAZZONI,MO,036042,036042,2653
CAMPO CALABRO,RC,080018,080018,2651
MENAGGIO,CO,013145,013145,2616
VIBO VALENTIA,VV,102047,102047,2592
MARTINA FRANCA,TA,073013,073013,2588
RAPAGNANO,FM,109035,109035,2499
GATTICO-VERUNO,NO,003166,003166,2493
SOSPIROLO,BL,025056,025056,2487
RIARDO,CE,061068,061068,2479
SAN PIETRO DI FELETTO,TV,026073,026073,2461
SANTA CROCE CAMERINA,RG,088010,088010,2446
POMPIANO,BS,017146,017146,2435
CAPOSELE,AV,064017,064017,2419
SAMBUCA DI SICILIA,AG,084034,084034,2398
DORNO,PV,018061,018061,2388
LIZZANELLO,LE,075038,075038,2377
SANTA MARIA NUOVA,AN,042043,042043,2361
MANDAS,SU,111039,111039,2335
VILLADOSSOLA,VB,103075,103075,2316
ZAMBRONE,VV,102049,102049,2314
SANT'AGATA SUL SANTERNO,RA,039017,039017,2249
SANT'ANGELO DEI LOMBARDI,AV,064092,064092,2229
ASTI,AT,005005,005005,2212
SAN VITTORE OLONA,MI,015201,015201,2195
SANTO STEFANO TICINO,MI,015200,015200,2188
PAESANA,CN,004157,004157,2187
BORGO VAL DI TARO,PR,034006,034006,2162
GAMBATESA,CB,070025,070025,2150
SAN LORENZO NUOVO,VT,056047,056047,2145
CONA,VE,027010,027010,2140
LACONI,OR,095082,095082,2120
BASCIANO,TE,067005,067005,2059
SAMPEYRE,CN,004205,004205,2040
OGGIONA CON SANTO STEFANO,VA,012107,012107,2033
FREGONA,TV,026030,026030,2017
ARADEO,LE,075006,075006,2013
VAL DI ZOLDO,BL,025073,025073,2000
ALZATE BRIANZA,CO,013007,013007,1994
DARFO BOARIO TERME,BS,017065,017065,1954
FERNO,VA,012068,012068,1952
CARRÈ,VI,024024,024024,1943
TERMOLI,CB,070078,070078,1905
RIVA DEL PO,FE,038029,038029,1879
FOSSALTA DI PIAVE,VE,027015,027015,1845
RAGOGNA,UD,030087,030087,1841
TERRE DEL RENO,FE,038028,038028,1832
ROSOLINA,RO,029040,029040,1832
ALFEDENA,AQ,066003,066003,1812
GOSSOLENGO,PC,033023,033023,1799
CANNOBIO,VB,103017,103017,1799
CENTO,FE,038004,038004,1792
SAN DONATO MILANESE,MI,015192,015192,1781
QUALIANO,NA,063062,063062,1771
SAN PIER NICETO,ME,083080,083080,1770
ORSAGO,TV,026053,026053,1764
LEFFE,BG,016124,016124,1762
SAN GIORGIO SU LEGNANO,MI,015194,015194,1735
NASO,ME,083060,083060,1716
SOMAGLIA,LO,098054,098054,1687
BAUCINA,PA,082008,082008,1686
SUPERSANO,LE,075081,075081,1673
PEIO,TN,022136,022136,1671
CARLAZZO,CO,013047,013047,1669
MARZABOTTO,BO,037036,037036,1656
SAN CESARIO SUL PANARO,MO,036036,036036,1655
LETOJANNI,ME,083038,083038,1640
AVELLINO,AV,064008,064008,1611
MASSINO VISCONTI,NO,003093,003093,1590
MARENE,CN,004117,004117,1589
LURAGO D'ERBA,CO,013136,013136,1580
AGNOSINE,BS,017003,017003,1545
FARA NOVARESE,NO,003065,003065,1532
MAGLIANO DE' MARSI,AQ,066053,066053,1524
ROASIO,VC,002116,002116,1497
BARZANÒ,LC,097006,097006,1493
OSOPPO,UD,030066,030066,1479
SAINT-CHRISTOPHE,AO,007058,007058,1476
MURO LECCESE,LE,075051,075051,1457
ZERI,MS,045017,045017,1457
SPOLTORE,PE,068041,068041,1453
VILLAFRANCA D'ASTI,AT,005117,005117,1441
MONTEMARANO,AV,064058,064058,1432
MORINO,AQ,066057,066057,1428
AGNA,PD,028002,028002,1402
CALANNA,RC,080016,080016,1385
LASA,BZ,021042,021042,1383
SPILINGA,VV,102042,102042,1349
POCENIA,UD,030075,030075,1349
SCORRANO,LE,075073,075073,1347
MESERO,MI,015144,015144,1342
GARGALLO,NO,003070,003070,1337
CARENNO,LC,097014,097014,1327
CISTERNINO,BR,074005,074005,1327
BAGNARA DI ROMAGNA,RA,039003,039003,1322
ROVIGO,RO,029041,029041,1318
ROCCASECCA DEI VOLSCI,LT,059023,059023,1317
ZAVATTARELLO,PV,018184,018184,1317
BOLZANO,BZ,021008,021008,1315
VERCANA,CO,013239,013239,1308
BALSORANO,AQ,066007,066007,1301
BATTAGLIA TERME,PD,028011,028011,1288
ALESSANO,LE,075002,075002,1287
CAPO DI PONTE,BS,017035,017035,1267
CRUCOLI,KR,101011,101011,1238
CARDETO,RC,080022,080022,1235
TRESIGNANA,FE,038030,038030,1226
FRAZZANÒ,ME,083026,083026,1222
MORUZZO,UD,030063,030063,1222
OZZANO MONFERRATO,AL,006123,006123,1217
FORNI DI SOPRA,UD,030041,030041,1213
CANDIOLO,TO,001051,001051,1209
LOCATE VARESINO,CO,013131,013131,1208
ROBECCO D'OGLIO,CR,019085,019085,1205
FOMBIO,LO,098026,098026,1186
COMANO,MS,045005,045005,1182
MONTORSO VICENTINO,VI,024068,024068,1176
MAGLIE,LE,075039,075039,1150
FONTANETO D'AGOGNA,NO,003066,003066,1141
MOMO,NO,003100,003100,1138
CASALROMANO,MN,020012,020012,1130
GIAVENO,TO,001115,001115,1114
FOSSALTA DI PORTOGRUARO,VE,027016,027016,1112
NURALLAO,SU,111046,111046,1111
SAN LORENZO DI SEBATO,BZ,021081,021081,1107
CASTRI DI LECCE,LE,075017,075017,1103
VASTO,CH,069099,069099,1084
BARZIO,LC,097007,097007,1078
SAN DANIELE DEL FRIULI,UD,030099,030099,1073
VALTOPINA,PG,054059,054059,1068
LEZZENO,CO,013126,013126,1065
CAMBIANO,TO,001048,001048,1065
CASTELNUOVO BOCCA D'ADDA,LO,098013,098013,1058
MACCHIA D'ISERNIA,IS,094025,094025,1055
LA THUILE,AO,007041,007041,1054
SOLBIATE ARNO,VA,012121,012121,1049
MIGGIANO,LE,075046,075046,1044
SANGANO,TO,001241,001241,1035
SECLÌ,LE,075074,075074,1032
FRONT,TO,001109,001109,1029
SOLBIATE OLONA,VA,012122,012122,1025
SPECCHIA,LE,075077,075077,1015
SAN VITO DI FAGAGNA,UD,030106,030106,1009
SENIGA,BS,017177,017177,1007
CIVIDATE CAMUNO,BS,017055,017055,1004
DRAPIA,VV,102009,102009,1002
CERRO AL VOLTURNO,IS,094014,094014,997
CASTRIGNANO DEL CAPO,LE,075019,075019,993
ROVETTA,BG,016187,016187,993
GRANDOLA ED UNITI,CO,013111,013111,988
FERRUZZANO,RC,080033,080033,988
TICINETO,AL,006173,006173,984
FORMIGINE,MO,036015,036015,981
COCULLO,AQ,066037,066037,974
MOGLIANO VENETO,TV,026043,026043,966
VIGONE,TO,001299,001299,961
MAGGIORA,NO,003088,003088,961
SALICETO,CN,004201,004201,953
MEZZANA,TN,022114,022114,937
LICATA,AG,084021,084021,936
RASUN-ANTERSELVA,BZ,021071,021071,934
MONTEFINO,TE,067027,067027,924
TREMEZZINA,CO,013252,013252,923
SIZZANO,NO,003139,003139,922
QUAREGNA CERRETO,BI,096087,096087,910
FIESSO D'ARTICO,VE,027014,027014,909
RABBI,TN,022150,022150,908
CASTELBALDO,PD,028029,028029,908
PALMOLI,CH,069061,069061,906
PETTENASCO,NO,003116,003116,894
ROTA D'IMAGNA,BG,016186,016186,888
PELLA,NO,003115,003115,887
OULX,TO,001175,001175,886
ORTUCCHIO,AQ,066064,066064,882
CAMPODORO,PD,028018,028018,872
PIACENZA D'ADIGE,PD,028062,028062,853
TORRITA DI SIENA,SI,052035,052035,833
VALEGGIO SUL MINCIO,VR,023089,023089,830
GERA LARIO,CO,013107,013107,825
SALZANO,VE,027032,027032,822
BERZO DEMO,BS,017016,017016,821
MONTICHIARI,BS,017113,017113,814
FORGARIA NEL FRIULI,UD,030137,030137,809
SANTO STEFANO LODIGIANO,LO,098051,098051,806
PRATO SESIA,NO,003122,003122,800
MONTESANO SALENTINO,LE,075049,075049,793
RIALTO,SV,009053,009053,788
DIVIGNANO,NO,003060,003060,785
RANZANICO,BG,016179,016179,779
VILLANOVAFORRU,SU,111100,111100,770
SIDDI,SU,111083,111083,767
GRANZE,PD,028043,028043,764
VELTURNO,BZ,021116,021116,759
CASALINO,NO,003040,003040,758
REDAVALLE,PV,018120,018120,756
VESIME,AT,005113,005113,752
SOZZAGO,NO,003141,003141,751
BOSISIO PARINI,LC,097009,097009,746
SANT'ALESSIO CON VIALONE,PV,018141,018141,740
PESCARA,PE,068028,068028,738
CHALLAND-SAINT-ANSELME,AO,007013,007013,734
PRESEZZO,BG,016176,016176,729
CASTAGNITO,CN,004046,004046,727
CASARANO,LE,075016,075016,727
CREMOSANO,CR,019037,019037,726
STELVIO,BZ,021095,021095,725
ROCCACASALE,AQ,066079,066079,724
PIEVE SAN GIACOMO,CR,019075,019075,716
LECCE,LE,075035,075035,716
GESUALDO,AV,064036,064036,715
SAN MARTINO IN BADIA,BZ,021082,021082,713
SONA,VR,023083,023083,713
PIANELLO DEL LARIO,CO,013183,013183,709
VILLANOVA D'ALBENGA,SV,009068,009068,707
LAGANADI,RC,080041,080041,702
CASTANO PRIMO,MI,015062,015062,690
SAN GIOVANNI GEMINI,AG,084036,084036,688
ALAGNA VALSESIA,VC,002002,002002,687
SALIZZOLE,VR,023068,023068,681
SOLETO,LE,075076,075076,677
QUART,AO,007054,007054,676
TONCO,AT,005109,005109,675
MONTECHIARUGOLO,PR,034023,034023,672
FLAIBANO,UD,030039,030039,667
ZUCCARELLO,SV,009069,009069,655
LOSINE,BS,017094,017094,632
TORRE BOLDONE,BG,016214,016214,627
BORGO A MOZZANO,LU,046004,046004,625
COSEANO,UD,030031,030031,620
CORVARA IN BADIA,BZ,021026,021026,611
RHÊMES-NOTRE-DAME,AO,007055,007055,602
VILLANDRO,BZ,021114,021114,601
OLTRONA DI SAN MAMETTE,CO,013169,013169,600
SANT'ANDREA FRIUS,SU,111069,111069,595
SALA BIELLESE,BI,096057,096057,578
PETRALIA SOPRANA,PA,082055,082055,575
MARANELLO,MO,036019,036019,574
VINCHIO,AT,005120,005120,564
POMEZIA,RM,058079,058079,561
FAGAGNA,UD,030037,030037,560
FELITTO,SA,065051,065051,545
PIODE,VC,002097,002097,544
CATANIA,CT,087015,087015,540
GIUGGIANELLO,LE,075032,075032,537
PRAMOLLO,TO,001204,001204,533
CURTAROLO,PD,028036,028036,527
SALMOUR,CN,004202,004202,524
VARALLO POMBIA,NO,003154,003154,518
ANGRI,SA,065007,065007,515
SUTRI,VT,056049,056049,513
SAN FIOR,TV,026072,026072,511
VILLASTELLONE,TO,001308,001308,509
TERRUGGIA,AL,006171,006171,508
LAVELLO,PZ,076043,076043,507
ARLUNO,MI,015010,015010,507
QUARNA SOTTO,VB,103059,103059,499
ORTA SAN GIULIO,NO,003112,003112,490
OVINDOLI,AQ,066065,066065,484
SOVIZZO,VI,024128,024128,480
VALSAMOGGIA,BO,037061,037061,479
CASTELFIDARDO,AN,042010,042010,475
MOMPANTERO,TO,001154,001154,471
MATERA,MT,077014,077014,467
PESCATE,LC,097068,097068,461
BROZOLO,TO,001037,001037,459
CAPRIOLO,BS,017038,017038,457
PIOBESI D'ALBA,CN,004168,004168,457
CASTIGLIONE D'ADDA,LO,098014,098014,456
PROSERPIO,CO,013192,013192,456
ALBINEA,RE,035001,035001,455
CEREA,VR,023025,023025,453
FORTUNAGO,PV,018064,018064,452
L'AQUILA,AQ,066049,066049,452
RAGUSA,RG,088009,088009,447
ALBANO LAZIALE,RM,058003,058003,446
CAPPELLA CANTONE,CR,019013,019013,446
ALTISSIMO,VI,024005,024005,445
SEMESTENE,SS,090066,090066,444
CROTTA D'ADDA,CR,019038,019038,439
VESPOLATE,NO,003158,003158,434
LANUSEI,NU,091037,091037,434
CANTARANA,AT,005018,005018,433
DIGNANO,UD,030032,030032,431
PRASCORSANO,TO,001206,001206,430
COLLOREDO DI MONTE ALBANO,UD,030028,030028,428
GAMBASSI TERME,FI,048020,048020,426
LOVERE,BG,016128,016128,424
MARANO TICINO,NO,003091,003091,420
SAN GIOVANNI IN MARIGNANO,RN,099017,099017,415
CARSOLI,AQ,066025,066025,412
MONGUZZO,CO,013153,013153,410
SANARICA,LE,075067,075067,407
SONICO,BS,017181,017181,403
FORTE DEI MARMI,LU,046013,046013,403
NIBBIOLA,NO,003104,003104,398
BIANDRATE,NO,003018,003018,397
MELISSA,KR,101014,101014,396
VILLA SANTA MARIA,CH,069102,069102,395
BRACCA,BG,016035,016035,395
BISEGNA,AQ,066011,066011,395
TORRALBA,SS,090073,090073,394
CORNAREDO,MI,015087,015087,392
TREVIOLO,BG,016220,016220,390
FÉNIS,AO,007027,007027,387
SCALDASOLE,PV,018147,018147,384
GRIMACCO,UD,030045,030045,377
SANTA BRIGIDA,BG,016191,016191,376
ABETONE CUTIGLIANO,PT,047023,047023,376
BIOGLIO,BI,096005,096005,375
CALVATONE,CR,019009,019009,371
SAN BENEDETTO DEL TRONTO,AP,044066,044066,371
BALDISSERO CANAVESE,TO,001017,001017,361
MEZZANE DI SOTTO,VR,023047,023047,354
MONTIRONE,BS,017114,017114,353
PECETTO TORINESE,TO,001183,001183,334
SOLIERA,MO,036044,036044,334
CASCINETTE D'IVREA,TO,001061,001061,334
PALADINA,BG,016155,016155,334
MONTEZEMOLO,CN,004141,004141,331
POMARO MONFERRATO,AL,006131,006131,331
PISOGNE,BS,017143,017143,328
CAMERI,NO,003032,003032,326
GHILARZA,OR,095021,095021,325
CANNETO SULL'OGLIO,MN,020008,020008,319
TURANIA,RI,057071,057071,316
BERZANO DI SAN PIETRO,AT,005009,005009,316
VAL LIONA,VI,024123,024123,313
CASALECCHIO DI RENO,BO,037011,037011,310
CASTIGLIONE DI GARFAGNANA,LU,046010,046010,306
SESTO FIORENTINO,FI,048043,048043,305
SINIO,CN,004220,004220,304
ROMENTINO,NO,003131,003131,304
RESIA,UD,030092,030092,301
CASTELLANETA,TA,073003,073003,299
MANGO,CN,004115,004115,297
SAN GIORGIO BIGARELLO,MN,020057,020057,296
TADASUNI,OR,095064,095064,295
DIANO D'ALBA,CN,004080,004080,292
CASELLE LURANI,LO,098012,098012,290
CAVERNAGO,BG,016066,016066,290
CAMAIORE,LU,046005,046005,288
TRAPPETO,PA,082074,082074,285
PREZZA,AQ,066076,066076,283
BENE LARIO,CO,013021,013021,283
BRUMANO,BG,016041,016041,282
SAN POSSIDONIO,MO,036038,036038,280
TERDOBBIATE,NO,003144,003144,278
VIALE,AT,005114,005114,274
MAGLIANO IN TOSCANA,GR,053013,053013,268
MISTERBIANCO,CT,087029,087029,266
MARETTO,AT,005062,005062,265
VALDERICE,TP,081022,081022,259
TREPPO GRANDE,UD,030126,030126,254
ISSO,BG,016122,016122,253
VEDESETA,BG,016230,016230,250
GORIANO SICOLI,AQ,066047,066047,243
ROATTO,AT,005091,005091,242
LECCE NEI MARSI,AQ,066050,066050,239
VERNOLE,LE,075093,075093,239
TERTENIA,NU,091089,091089,239
FRASSINORO,MO,036016,036016,236
AFFILE,RM,058001,058001,233
PEDAVENA,BL,025036,025036,230
LOREGGIA,PD,028046,028046,228
GERMAGNO,VB,103032,103032,226
MANTOVA,MN,020030,020030,223
CALTANISSETTA,CL,085004,085004,222
MELPIGNANO,LE,075045,075045,219
VICENZA,VI,024116,024116,218
TORTORA,CS,078149,078149,214
RIPALTA CREMASCA,CR,019081,019081,213
GAGGIO MONTANO,BO,037027,037027,213
SAN NICOLÒ DI COMELICO,BL,025046,025046,212
SAN SECONDO DI PINEROLO,TO,001254,001254,212
CESANO MADERNO,MB,108019,108019,209
GUAGNANO,LE,075034,075034,206
CIVITELLA ROVETO,AQ,066036,066036,206
QUINTO VICENTINO,VI,024083,024083,203
CIVITELLA ALFEDENA,AQ,066035,066035,202
FALCONARA MARITTIMA,AN,042018,042018,199
GALLIAVOLA,PV,018066,018066,198
SALERNO,SA,065116,065116,198
GIOVINAZZO,BA,072022,072022,197
CAMPODIMELE,LT,059003,059003,196
TAIPANA,UD,030113,030113,196
BAGNO DI ROMAGNA,FC,040001,040001,194
SORSO,SS,090069,090069,193
MONTALTO DI CASTRO,VT,056035,056035,192
BRONI,PV,018024,018024,188
PIEDICAVALLO,BI,096044,096044,188
BORONEDDU,OR,095016,095016,188
ARAMENGO,AT,005004,005004,187
RODELLO,CN,004196,004196,186
CASSINO,FR,060019,060019,183
CASTELFRANCO VENETO,TV,026012,026012,181
CASTEL CONDINO,TN,022045,022045,180
VALLANZENGO,BI,096072,096072,177
CERVICATI,CS,078038,078038,175
ALBINO,BG,016004,016004,174
BARADILI,OR,095010,095010,171
SANT'AMBROGIO DI VALPOLICELLA,VR,023077,023077,171
VALNEGRA,BG,016227,016227,166
SANTO STEFANO BELBO,CN,004213,004213,164
CERNUSCO SUL NAVIGLIO,MI,015070,015070,163
SEGONZANO,TN,022172,022172,162
SOMMACAMPAGNA,VR,023082,023082,160
TUILI,SU,111091,111091,157
BRAONE,BS,017027,017027,156
MUSCOLINE,BS,017116,017116,156
MORTARA,PV,018102,018102,153
MONTECCHIO MAGGIORE,VI,024061,024061,152
CASTIONE ANDEVENNO,SO,014015,014015,152
ANZIO,RM,058007,058007,151
BORGO VIRGILIO,MN,020071,020071,149
MONTELEONE SABINO,RI,057041,057041,149
LEGNANO,MI,015118,015118,147
PESCHIERA DEL GARDA,VR,023059,023059,147
ELLO,LC,097033,097033,146
VICO DEL GARGANO,FG,071059,071059,142
RIVE D'ARCANO,UD,030095,030095,142
FASANO,BR,074007,074007,141
AZZATE,VA,012006,012006,141
DESIO,MB,108023,108023,139
CONZANO,AL,006061,006061,139
POLISTENA,RC,080061,080061,138
COLOGNA VENETA,VR,023027,023027,137
GONI,SU,111029,111029,136
INDUNO OLONA,VA,012083,012083,135
ARCOLE,VR,023004,023004,134
DRO,TN,022079,022079,133
VILLA MINOZZO,RE,035045,035045,132
ROBBIO,PV,018123,018123,132
URBANIA,PU,041066,041066,132
CASTEL DI LUCIO,ME,083013,083013,132
ROCCHETTA TANARO,AT,005096,005096,131
TORNATA,CR,019106,019106,130
PATTI,ME,083066,083066,129
CANTALUPO LIGURE,AL,006028,006028,129
MONTICELLO BRIANZA,LC,097054,097054,129
ROVELLASCA,CO,013201,013201,126
VERNIO,PO,100007,100007,124
PALMI,RC,080057,080057,120
CASTELLINO TANARO,CN,004052,004052,119
SANT'EGIDIO ALLA VIBRATA,TE,067038,067038,119
BORRELLO,CH,069007,069007,118
DUEVILLE,VI,024038,024038,116
SAN CESAREO,RM,058119,058119,115
BARREA,AQ,066010,066010,115
PREMIA,VB,103056,103056,113
MONCUCCO TORINESE,AT,005070,005070,112
VALLEBONA,IM,008062,008062,112
GAIARINE,TV,026031,026031,106
VIGNOLO,CN,004243,004243,106
MODUGNO,BA,072027,072027,106
CERESARA,MN,020019,020019,106
CASTENASO,BO,037021,037021,105
MARATEA,PZ,076044,076044,105
POLPENAZZE DEL GARDA,BS,017145,017145,105
URBINO,PU,041067,041067,104
MEDOLAGO,BG,016250,016250,104
GOSALDO,BL,025025,025025,103
FONTE,TV,026029,026029,103
CARLENTINI,SR,089006,089006,102
CASALETTO VAPRIO,CR,019020,019020,101
SERIATE,BG,016198,016198,101
SALI VERCELLESE,VC,002127,002127,100
NOVELLO,CN,004152,004152,99
BASTIA UMBRA,PG,054002,054002,99
CASOREZZO,MI,015058,015058,99
MORBELLO,AL,006110,006110,99
CASALZUIGNO,VA,012037,012037,98
CASSANO D'ADDA,MI,015059,015059,98
CARAVATE,VA,012031,012031,98
PONCARALE,BS,017147,017147,96
CICOGNOLO,CR,019030,019030,96
PORTO SAN GIORGIO,FM,109033,109033,96
PETTINENGO,BI,096042,096042,94
ENVIE,CN,004085,004085,94
DRESANO,MI,015101,015101,92
MONTE SAN GIUSTO,MC,043031,043031,91
GORLAGO,BG,016114,016114,91
MONIGA DEL GARDA,BS,017109,017109,91
CISON DI VALMARINO,TV,026018,026018,90
PESCHIERA BORROMEO,MI,015171,015171,89
COLOGNO AL SERIO,BG,016079,016079,89
GARBAGNA,AL,006079,006079,89
CANDIA LOMELLINA,PV,018027,018027,88
ENEGO,VI,024039,024039,87
FIORANO MODENESE,MO,036013,036013,87
QUARTU SANT'ELENA,CA,092051,092051,85
SETTIMO MILANESE,MI,015211,015211,85
BENNA,BI,096003,096003,85
POGGIOFIORITO,CH,069067,069067,85
CASTELFRANCI,AV,064023,064023,85
CASALBUTTANO ED UNITI,CR,019016,019016,84
FORCOLA,SO,014029,014029,84
VALDAGNO,VI,024111,024111,83
SANTENA,TO,001257,001257,83
SANTA TERESA GALLURA,SS,090063,090063,83
ORTONA DEI MARSI,AQ,066063,066063,83
MONTEFIORINO,MO,036025,036025,83
ROASCIO,CN,004184,004184,81
ALES,OR,095004,095004,81
PESCAROLO ED UNITI,CR,019069,019069,80
VENIANO,CO,013238,013238,79
CRESPADORO,VI,024037,024037,78
PRIGNANO SULLA SECCHIA,MO,036033,036033,78
SANT'ANNA D'ALFAEDO,VR,023078,023078,78
BELLANO,LC,097008,097008,77
VIAREGGIO,LU,046033,046033,76
CARBONATE,CO,013045,013045,76
SAN PIETRO AL TANAGRO,SA,065125,065125,76
ERBA,CO,013095,013095,76
SMERILLO,FM,109039,109039,75
BARI,BA,072006,072006,75
TRECATE,NO,003149,003149,74
CABIATE,CO,013035,013035,74
CAPORCIANO,AQ,066022,066022,73
SALA MONFERRATO,AL,006150,006150,72
MORENGO,BG,016140,016140,72
CELLOLE,CE,061102,061102,70
PADERNA,AL,006124,006124,70
PIEVE A NIEVOLE,PT,047013,047013,68
CANTÙ,CO,013041,013041,68
RUTIGLIANO,BA,072037,072037,67
BRICHERASIO,TO,001035,001035,67
FAVRIA,TO,001101,001101,66
CREMA,CR,019035,019035,66
BUSCA,CN,004034,004034,66
MONTESE,MO,036026,036026,66
ROMETTA,ME,083076,083076,65
SEGRATE,MI,015205,015205,65
CINISI,PA,082031,082031,65
ATRIPALDA,AV,064006,064006,65
COMMESSAGGIO,MN,020020,020020,64
LANCIANO,CH,069046,069046,63
SAN MARTINO ALFIERI,AT,005099,005099,63
ONANO,VT,056040,056040,62
AMELIA,TR,055004,055004,62
SODDÌ,OR,095078,095078,61
PABILLONIS,SU,111052,111052,60
GIVOLETTO,TO,001116,001116,59
PATERNOPOLI,AV,064070,064070,59
CAPANNORI,LU,046007,046007,59
VAIE,TO,001283,001283,59
CALCERANICA AL LAGO,TN,022032,022032,58
GANGI,PA,082036,082036,58
MELAZZO,AL,006092,006092,58
ZEDDIANI,OR,095074,095074,58
CAPOLIVERI,LI,049004,049004,57
PADERNO DUGNANO,MI,015166,015166,57
MONTANERA,CN,004136,004136,55
CANCELLO ED ARNONE,CE,061012,061012,54
VILLONGO,BG,016242,016242,53
ALTAVILLA MONFERRATO,AL,006007,006007,53
OSSIMO,BS,017128,017128,52
DOMODOSSOLA,VB,103028,103028,51
SANTA MARGHERITA DI BELICE,AG,084038,084038,51
SAN GIUSTINO,PG,054044,054044,51
SENNORI,SS,090067,090067,51
CORLETO MONFORTE,SA,065048,065048,50
SANTA CROCE DEL SANNIO,BN,062069,062069,49
LOCOROTONDO,BA,072025,072025,49
COLLI DEL TRONTO,AP,044014,044014,49
TREZZANO ROSA,MI,015219,015219,49
VAIANO,PO,100006,100006,49
SCIACCA,AG,084041,084041,48
CALICE LIGURE,SV,009016,009016,48
MATINO,LE,075042,075042,48
SINNAI,CA,092080,092080,47
CAVAGLIETTO,NO,003044,003044,46
URI,SS,090076,090076,46
RENDE,CS,078102,078102,45
TAMBRE,BL,025060,025060,45
TROIA,FG,071058,071058,45
BAGNARA CALABRA,RC,080007,080007,44
MEINA,NO,003095,003095,44
MONTALTO UFFUGO,CS,078081,078081,44
BASCHI,TR,055007,055007,43
CASTELGERUNDO,LO,098062,098062,43
MONALE,AT,005067,005067,43
ALLEGHE,BL,025003,025003,43
OLEGGIO,NO,003108,003108,42
PONTE NELLE ALPI,BL,025040,025040,42
MONTIGLIO MONFERRATO,AT,005121,005121,41
TORRE DI RUGGIERO,CZ,079148,079148,41
VENEZIA,VE,027042,027042,41
SAREZZO,BS,017174,017174,41
CASTEL DI SANGRO,AQ,066028,066028,41
BUSSOLENO,TO,001044,001044,41
SAREGO,VI,024098,024098,40
CARPINETO DELLA NORA,PE,068008,068008,40
VILLETTA BARREA,AQ,066107,066107,40
CALLIANO MONFERRATO,AT,005014,005014,40
CONDOVE,TO,001093,001093,39
MEZZOMERICO,NO,003097,003097,39
VILLE D'ANAUNIA,TN,022249,022249,39
PISCINAS,SU,111056,111056,38
TRAONA,SO,014069,014069,38
ALATRI,FR,060003,060003,38
SCORZÈ,VE,027037,027037,38
SERRAVALLE SESIA,VC,002137,002137,37
PORTOBUFFOLÈ,TV,026060,026060,37
FIESOLE,FI,048015,048015,36
FORENZA,PZ,076033,076033,36
MONTELUPO FIORENTINO,FI,048028,048028,36
OLTRESSENDA ALTA,BG,016147,016147,36
LAGNASCO,CN,004104,004104,36
PERUGIA,PG,054039,054039,36
SAN POLO DI PIAVE,TV,026074,026074,35
CASTEL SANT'ELIA,VT,056017,056017,35
SANTA MARIA MAGGIORE,VB,103062,103062,35
MONTANASO LOMBARDO,LO,098040,098040,35
BREGNANO,CO,013028,013028,35
CERVARO,FR,060026,060026,35
TORNACO,NO,003146,003146,34
PORLEZZA,CO,013189,013189,34
ELINI,NU,091019,091019,34
VILMINORE DI SCALVE,BG,016243,016243,33
SANTA MARIA COGHINAS,SS,090087,090087,33
CAROBBIO DEGLI ANGELI,BG,016055,016055,33
RIGNANO FLAMINIO,RM,058082,058082,33
TAVAGNACCO,UD,030118,030118,33
BORGARO TORINESE,TO,001028,001028,33
TERRICCIOLA,PI,050036,050036,32
FANANO,MO,036011,036011,32
POLAVENO,BS,017144,017144,32
GRANDATE,CO,013110,013110,31
RUBIERA,RE,035036,035036,31
CONCOREZZO,MB,108021,108021,31
VAUDA CANAVESE,TO,001290,001290,31
LESA,NO,003084,003084,30
FRAGAGNANO,TA,073006,073006,30
PRATOLA PELIGNA,AQ,066075,066075,30
PREDAPPIO,FC,040032,040032,30
SIURGUS DONIGALA,SU,111086,111086,30
MANDURIA,TA,073012,073012,30
PELLEZZANO,SA,065090,065090,30
GAZOLDO DEGLI IPPOLITI,MN,020024,020024,29
VILLANOVA CANAVESE,TO,001301,001301,29
TRINITÀ,CN,004232,004232,29
TURI,BA,072047,072047,29
LAVENO-MOMBELLO,VA,012087,012087,29
PENTONE,CZ,079092,079092,29
MONTESILVANO,PE,068024,068024,28
BARBANIA,TO,001021,001021,28
CROGNALETO,TE,067023,067023,28
MONTEBELLO SUL SANGRO,CH,069009,069009,28
BRUINO,TO,001038,001038,28
PODENZANA,MS,045013,045013,28
ROMANO D'EZZELINO,VI,024086,024086,27
CISTERNA D'ASTI,AT,005040,005040,27
OLGIATE OLONA,VA,012108,012108,27
CASTIGLIONE DELLA PESCAIA,GR,053006,053006,27
MANOPPELLO,PE,068022,068022,27
MEDICINA,BO,037037,037037,26
BULGAROGRASSO,CO,013034,013034,26
TORTONA,AL,006174,006174,26
OFFAGNA,AN,042033,042033,26
CALUSCO D'ADDA,BG,016046,016046,26
SCARLINO,GR,053024,053024,26
SALERANO CANAVESE,TO,001233,001233,26
BOLLATE,MI,015027,015027,26
PECETTO DI VALENZA,AL,006128,006128,26
NEMBRO,BG,016144,016144,26
FENEGRÒ,CO,013100,013100,25
REDONDESCO,MN,020048,020048,25
NICOTERA,VV,102025,102025,25
DRONERO,CN,004082,004082,25
VAL DELLA TORRE,TO,001284,001284,25
CAPERGNANICA,CR,019012,019012,25
SALEMI,TP,081018,081018,25
COMMEZZADURA,TN,022064,022064,25
CASSANO MAGNAGO,VA,012040,012040,24
CONTROGUERRA,TE,067020,067020,24
PIENZA,SI,052021,052021,24
REVINE LAGO,TV,026067,026067,24
CAMPOTOSTO,AQ,066016,066016,24
FLERO,BS,017072,017072,24
VIBONATI,SA,065156,065156,23
BORMIO,SO,014009,014009,23
FRUGAROLO,AL,006075,006075,22
MONTE ROMANO,VT,056037,056037,22
RIO DI PUSTERIA,BZ,021074,021074,22
ISCHIA DI CASTRO,VT,056031,056031,22
CAPRAIA ISOLA,LI,049005,049005,22
QUATTORDIO,AL,006142,006142,22
APPIANO GENTILE,CO,013010,013010,22
CUVEGLIO,VA,012062,012062,22
LORANZÈ,TO,001137,001137,22
ROCCA DE' BALDI,CN,004189,004189,22
CASTIGLIONE D'ORCIA,SI,052007,052007,21
LATTARICO,CS,078066,078066,21
MASSA E COZZILE,PT,047008,047008,21
PETRONÀ,CZ,079095,079095,21
LONGONE AL SEGRINO,CO,013134,013134,21
MARCARIA,MN,020031,020031,21
FAGNANO CASTELLO,CS,078051,078051,21
TAVERNOLE SUL MELLA,BS,017183,017183,21
NOVI VELIA,SA,065080,065080,21
SELEGAS,SU,111074,111074,20
TROFARELLO,TO,001280,001280,20
ROPPOLO,BI,096054,096054,20
BORGOMANERO,NO,003024,003024,19
CORTENOVA,LC,097025,097025,19
SAN LEO,RN,099025,099025,19
CERMIGNANO,TE,067016,067016,19
SESTRI LEVANTE,GE,010059,010059,19
MASI TORELLO,FE,038012,038012,19
TESSENNANO,VT,056051,056051,19
SIAPICCIA,OR,095076,095076,19
SANSEPOLCRO,AR,051034,051034,19
CAORLE,VE,027005,027005,19
PALAGANO,MO,036029,036029,18
BERCHIDDA,SS,090009,090009,18
GROTTOLELLA,AV,064039,064039,18
DRAGONI,CE,061033,061033,18
PIANE CRATI,CS,078097,078097,18
CALAMANDRANA,AT,005013,005013,18
CALDOGNO,VI,024018,024018,18
BRESSANVIDO,VI,024016,024016,18
SPINEA,VE,027038,027038,17
CASTEL MELLA,BS,017042,017042,17
THIENE,VI,024105,024105,17
MORMANNO,CS,078084,078084,17
DOBBIACO,BZ,021028,021028,17
SULMONA,AQ,066098,066098,17
ARDEA,RM,058117,058117,16
AMENDOLARA,CS,078011,078011,16
CANALE D'AGORDO,BL,025023,025023,16
SLUDERNO,BZ,021094,021094,16
CIMBERGO,BS,017054,017054,16
VALTORTA,BG,016229,016229,16
MAGNANO,BI,096030,096030,16
BOGOGNO,NO,003021,003021,16
CASALMAGGIORE,CR,019021,019021,16
STORO,TN,022183,022183,16
CARMIGNANO DI BRENTA,PD,028023,028023,16
FAGNANO ALTO,AQ,066042,066042,15
VILLAPUTZU,SU,111103,111103,15
CALALZO DI CADORE,BL,025008,025008,15
RIVA LIGURE,IM,008050,008050,15
DANTA DI CADORE,BL,025017,025017,15
SAN SPERATE,SU,111065,111065,15
CHIARAVALLE,AN,042014,042014,15
SAVOGNA D'ISONZO-SOVODNJE OB SOČI,GO,031022,031022,15
PIOVE DI SACCO,PD,028065,028065,15
BRITTOLI,PE,068004,068004,15
CASTELLUCCIO VALMAGGIORE,FG,071016,071016,15
LA SALLE,AO,007040,007040,15
POMPEI,NA,063058,063058,15
GORGA,RM,058045,058045,14
NUCETTO,CN,004153,004153,14
PIAZZOLA SUL BRENTA,PD,028063,028063,14
GIRIFALCO,CZ,079059,079059,14
SINDIA,NU,091084,091084,14
STRAMBINELLO,TO,001268,001268,14
CAUTANO,BN,062021,062021,14
POGGIO IMPERIALE,FG,071040,071040,14
STEZZANO,BG,016207,016207,14
CELLATICA,BS,017048,017048,14
RONCO BIELLESE,BI,096053,096053,14
BASTIA MONDOVÌ,CN,004014,004014,14
ENNA,EN,086009,086009,14
CANEGRATE,MI,015046,015046,14
GERENZANO,VA,012075,012075,14
ORTACESUS,SU,111051,111051,13
VILLAVALLELONGA,AQ,066106,066106,13
PRATO,PO,100005,100005,13
RODDI,CN,004194,004194,13
MESENZANA,VA,012102,012102,13
TAVAZZANO CON VILLAVESCO,LO,098056,098056,13
SANTA TERESA DI RIVA,ME,083089,083089,13
ARAGONA,AG,084003,084003,13
FAVARA,AG,084017,084017,13
SESSA CILENTO,SA,065141,065141,13
BOLZANO NOVARESE,NO,003022,003022,12
LERMA,AL,006088,006088,12
VARISELLA,TO,001289,001289,12
ROCCA SANTA MARIA,TE,067036,067036,12
SALA CONSILINA,SA,065114,065114,12
LUCIGNANO,AR,051021,051021,12
TERRASINI,PA,082071,082071,12
CURCURIS,OR,095077,095077,12
MEDEA,GO,031011,031011,12
BRUGINE,PD,028015,028015,12
COLLEPASSO,LE,075021,075021,11
FOLLONICA,GR,053009,053009,11
CIVITA D'ANTINO,AQ,066034,066034,11
CALTAGIRONE,CT,087011,087011,11
CAMPOLATTARO,BN,062013,062013,11
DOLZAGO,LC,097031,097031,11
COSSANO CANAVESE,TO,001095,001095,11
RIO SALICETO,RE,035034,035034,11
BESANA IN BRIANZA,MB,108008,108008,11
BRENTA,VA,012019,012019,11
CAPISTRELLO,AQ,066020,066020,11
CORNO GIOVINE,LO,098022,098022,11
VERGHERETO,FC,040050,040050,11
MEZZENILE,TO,001152,001152,10
SANT'ALBANO STURA,CN,004211,004211,10
REGGELLO,FI,048035,048035,10
ALICE CASTELLO,VC,002004,002004,10
PACENTRO,AQ,066066,066066,10
SANT'AMBROGIO DI TORINO,TO,001255,001255,10
GARLATE,LC,097038,097038,10
OLLASTRA,OR,095037,095037,10
FIDENZA,PR,034014,034014,10
NERETO,TE,067031,067031,10
BERNEZZO,CN,004022,004022,10
MALNATE,VA,012096,012096,9
CASTELLALTO,TE,067011,067011,9
BARUMINI,SU,111005,111005,9
ANZANO DEL PARCO,CO,013009,013009,9
NOVI LIGURE,AL,006114,006114,9
TARANTASCA,CN,004225,004225,9
CASALBORDINO,CH,069015,069015,9
LOMAZZO,CO,013133,013133,9
PETTORANO SUL GIZIO,AQ,066071,066071,9
CASTENEDOLO,BS,017043,017043,9
SESTOLA,MO,036043,036043,9
ATRI,TE,067004,067004,9
CASALBORGONE,TO,001060,001060,9
FONTE NUOVA,RM,058122,058122,9
SELARGIUS,CA,092068,092068,9
MOROZZO,CN,004144,004144,9
ERULA,SS,090088,090088,9
FELINO,PR,034013,034013,9
ARGEGNO,CO,013011,013011,9
LUGAGNANO VAL D'ARDA,PC,033026,033026,9
APOLLOSA,BN,062004,062004,9
PORDENONE,PN,093033,093033,9
OSIMO,AN,042034,042034,9
SAN BARTOLOMEO IN GALDO,BN,062057,062057,9
MONSUMMANO TERME,PT,047009,047009,8
MONTE PORZIO CATONE,RM,058064,058064,8
TAVAGNASCO,TO,001271,001271,8
CASTELVECCHIO DI ROCCA BARBENA,SV,009021,009021,8
ROLO,RE,035035,035035,8
FORCHIA,BN,062032,062032,8
ROCCASCALEGNA,CH,069075,069075,8
DELLO,BS,017066,017066,8
POFI,FR,060055,060055,8
SANTU LUSSURGIU,OR,095049,095049,8
CERNOBBIO,CO,013065,013065,8
PIANEZZA,TO,001189,001189,8
SAN BENEDETTO IN PERILLIS,AQ,066086,066086,8
PONTE NOSSA,BG,016168,016168,8
BACENO,VB,103006,103006,8
PESCOCOSTANZO,AQ,066070,066070,8
PIAN CAMUNO,BS,017142,017142,8
PIANA CRIXIA,SV,009048,009048,8
COMERIO,VA,012055,012055,8
CHIAVERANO,TO,001077,001077,8
LENTELLA,CH,069047,069047,8
LOMAGNA,LC,097044,097044,8
CASTELVECCANA,VA,012045,012045,8
CASALVECCHIO SICULO,ME,083012,083012,8
TRISSINO,VI,024110,024110,8
SANTE MARIE,AQ,066089,066089,7
SANT'EUSANIO DEL SANGRO,CH,069085,069085,7
PESCHE,IS,094031,094031,7
SANDRIGO,VI,024091,024091,7
CARAMAGNA PIEMONTE,CN,004041,004041,7
BESANO,VA,012011,012011,7
CAMPO SAN MARTINO,PD,028020,028020,7
GORGONZOLA,MI,015108,015108,7
SAN MARTINO DI VENEZZE,RO,029044,029044,7
SAN BIAGIO PLATANI,AG,084035,084035,7
COGOLETO,GE,010017,010017,7
COLLEBEATO,BS,017057,017057,7
CARMAGNOLA,TO,001059,001059,7
ORTISEI,BZ,021061,021061,7
SAN BUONO,CH,069079,069079,7
FROSSASCO,TO,001110,001110,7
MACERATA,MC,043023,043023,7
ROSSANA,CN,004197,004197,7
ASCOLI SATRIANO,FG,071005,071005,7
SOLERO,AL,006163,006163,7
VILLA SAN GIOVANNI,RC,080096,080096,7
RAPOLANO TERME,SI,052026,052026,7
NISCEMI,CL,085013,085013,7
ORTEZZANO,FM,109029,109029,7
VILLALFONSINA,CH,069100,069100,7
LURAGO MARINONE,CO,013137,013137,7
FOGGIA,FG,071024,071024,7
PENNA SANT'ANDREA,TE,067033,067033,7
CASTEGNATO,BS,017040,017040,7
TASSAROLO,AL,006170,006170,7
PIEA,AT,005084,005084,7
TRASACCO,AQ,066102,066102,7
CARAPELLE CALVISIO,AQ,066024,066024,7
NALLES,BZ,021055,021055,6
VISANO,BS,017203,017203,6
MONTEROSSO ALMO,RG,088007,088007,6
CASTEL DEL MONTE,AQ,066026,066026,6
FORZA D'AGRÒ,ME,083024,083024,6
QUILIANO,SV,009052,009052,6
BRUGHERIO,MB,108012,108012,6
PAOLA,CS,078091,078091,6
SONDRIO,SO,014061,014061,6
CANCELLARA,PZ,076018,076018,6
FRASSINETTO,TO,001108,001108,6
TARZO,TV,026084,026084,6
PIETRAFERRAZZANA,CH,069103,069103,6
TREGLIO,CH,069096,069096,6
PERLETTO,CN,004161,004161,6
INZAGO,MI,015114,015114,6
CAIRATE,VA,012029,012029,6
TRAVESIO,PN,093047,093047,6
GALLESE,VT,056027,056027,6
DOSOLO,MN,020022,020022,6
CHIURO,SO,014020,014020,6
MORIAGO DELLA BATTAGLIA,TV,026048,026048,6
BARASSO,VA,012008,012008,6
MATRICE,CB,070037,070037,6
MOMBARUZZO,AT,005065,005065,6
CERIGNOLA,FG,071020,071020,6
VAREDO,MB,108045,108045,6
CASTELLINALDO D'ALBA,CN,004051,004051,6
MONTAZZOLI,CH,069051,069051,6
FONTANIVA,PD,028038,028038,6
BELGIRATE,VB,103010,103010,6
CAMPODARSEGO,PD,028017,028017,6
VALGIOIE,TO,001285,001285,5
CENTALLO,CN,004061,004061,5
FIANO,TO,001104,001104,5
ARZANA,NU,091002,091002,5
SANT'EUSANIO FORCONESE,AQ,066090,066090,5
NOTARESCO,TE,067032,067032,5
VILLA DEL BOSCO,BI,096078,096078,5
BUJA,UD,030013,030013,5
PORCIA,PN,093032,093032,5
PRETORO,CH,069069,069069,5
PORTE,TO,001200,001200,5
TARANTO,TA,073027,073027,5
MONTE ARGENTARIO,GR,053016,053016,5
BAREGGIO,MI,015012,015012,5
CASTELGUGLIELMO,RO,029011,029011,5
CERMENATE,CO,013064,013064,5
GISSI,CH,069041,069041,5
OZEGNA,TO,001176,001176,5
MONTE SAN BIAGIO,LT,059015,059015,5
BARBARANO MOSSANO,VI,024124,024124,5
CRESSA,NO,003055,003055,5
CASALE MONFERRATO,AL,006039,006039,5
ARIGNANO,TO,001012,001012,5
SERRASTRETTA,CZ,079129,079129,5
ROCCHETTA DI VARA,SP,011025,011025,5
CITTÀ SANT'ANGELO,PE,068012,068012,5
PULSANO,TA,073022,073022,5
CASOLE D'ELSA,SI,052004,052004,5
BERGAMO,BG,016024,016024,5
CHAMPDEPRAZ,AO,007017,007017,5
VIGGIÙ,VA,012139,012139,5
ALTAVILLA MILICIA,PA,082004,082004,5
RIGNANO SULL'ARNO,FI,048036,048036,5
CASTELCOVATI,BS,017041,017041,5
SIAMANNA,OR,095057,095057,5
TORREGROTTA,ME,083098,083098,5
BARBONA,PD,028010,028010,5
CARTIGNANO,CN,004044,004044,5
RIVA DEL GARDA,TN,022153,022153,5
VALDILANA,BI,096088,096088,5
FRESAGRANDINARIA,CH,069036,069036,4
MONTEODORISIO,CH,069055,069055,4
RIOLO TERME,RA,039015,039015,4
CHIARI,BS,017052,017052,4
BONDENO,FE,038003,038003,4
ROCCA PIA,AQ,066083,066083,4
VILLAMAGNA,CH,069101,069101,4
CANDIDONI,RC,080019,080019,4
VIETRI DI POTENZA,PZ,076096,076096,4
MARIANA MANTOVANA,MN,020032,020032,4
STENICO,TN,022182,022182,4
PRESICCE-ACQUARICA,LE,075098,075098,4
CIVIDALE DEL FRIULI,UD,030026,030026,4
GAMBERALE,CH,069039,069039,4
VILLAFRANCA IN LUNIGIANA,MS,045016,045016,4
SAN ROCCO AL PORTO,LO,098049,098049,4
BELLAGIO,CO,013250,013250,4
CESIOMAGGIORE,BL,025011,025011,4
MOMBASIGLIO,CN,004125,004125,4
TORRE D'ISOLA,PV,018159,018159,4
CASTELVECCHIO CALVISIO,AQ,066030,066030,4
STAGNO LOMBARDO,CR,019103,019103,4
TORNIMPARTE,AQ,066101,066101,4
TREZZO SULL'ADDA,MI,015221,015221,4
CESATE,MI,015076,015076,4
NOTO,SR,089013,089013,4
MURO LUCANO,PZ,076053,076053,4
SAN BENEDETTO DEI MARSI,AQ,066085,066085,4
TERRE ROVERESCHE,PU,041070,041070,4
CLIVIO,VA,012052,012052,4
SAN PAOLO,BS,017138,017138,4
NICHELINO,TO,001164,001164,4
STAZZANO,AL,006167,006167,4
SAN GIOVANNI LUPATOTO,VR,023071,023071,4
VIMERCATE,MB,108050,108050,4
ONO SAN PIETRO,BS,017124,017124,4
PIETRA LIGURE,SV,009049,009049,4
BOMBA,CH,069006,069006,4
GROTTE,AG,084018,084018,4
FRAINE,CH,069034,069034,4
NAPOLI,NA,063049,063049,4
TIONE DEGLI ABRUZZI,AQ,066100,066100,3
PIATTO,BI,096043,096043,3
SAN GIOVANNI TEATINO,CH,069081,069081,3
CARIGNANO,TO,001058,001058,3
ROSCIGNO,SA,065111,065111,3
GUAZZORA,AL,006086,006086,3
SANDIGLIANO,BI,096059,096059,3
MONTOTTONE,FM,109027,109027,3
TEGLIO VENETO,VE,027040,027040,3
BURCEI,SU,111007,111007,3
BALZOLA,AL,006011,006011,3
RESCALDINA,MI,015181,015181,3
DECIMOMANNU,CA,092015,092015,3
CAVENAGO D'ADDA,LO,098017,098017,3
CARTIGLIANO,VI,024025,024025,3
GORDONA,SO,014032,014032,3
SAN MAURIZIO D'OPAGLIO,NO,003133,003133,3
TORRICELLA PELIGNA,CH,069095,069095,3
NOVIGLIO,MI,015158,015158,3
ACI CASTELLO,CT,087002,087002,3
ALMENNO SAN BARTOLOMEO,BG,016006,016006,3
CANSANO,AQ,066018,066018,3
CANOSA SANNITA,CH,069010,069010,3
ARBOREA,OR,095006,095006,3
MESOLA,FE,038014,038014,3
LOIANO,BO,037034,037034,3
CANNETO PAVESE,PV,018029,018029,3
CORREGGIO,RE,035020,035020,3
VOLPIANO,TO,001314,001314,3
CARPI,MO,036005,036005,3
SAN NAZZARO VAL CAVARGNA,CO,013207,013207,3
TAVERNA,CZ,079146,079146,3
SUNO,NO,003143,003143,3
GALATINA,LE,075029,075029,3
CARUNCHIO,CH,069012,069012,3
COLONNELLA,TE,067019,067019,3
SOLESINO,PD,028087,028087,3
TIGLIOLE,AT,005108,005108,3
FRASSINO,CN,004092,004092,3
CERRIONE,BI,096018,096018,3
ROMAGNANO SESIA,NO,003130,003130,3
GALLIPOLI,LE,075031,075031,3
MACUGNAGA,VB,103039,103039,3
CANISTRO,AQ,066017,066017,3
TURRIACO,GO,031024,031024,3
FARA SAN MARTINO,CH,069031,069031,3
SAN PIETRO VAL LEMINA,TO,001250,001250,3
GIOVO,TN,022092,022092,3
BEINASCO,TO,001024,001024,3
MENTANA,RM,058059,058059,3
MONTEMURLO,PO,100003,100003,3
BRUSSON,AO,007012,007012,3
ROCCA DI BOTTE,AQ,066080,066080,3
SAN VITO CHIETINO,CH,069086,069086,3
SAN MARCELLO,AN,042041,042041,3
SIROLO,AN,042048,042048,3
ACQUAVIVA PICENA,AP,044002,044002,3
UDINE,UD,030129,030129,3
POLLONE,BI,096046,096046,2
NURRI,SU,111048,111048,2
BELLOSGUARDO,SA,065015,065015,2
TERAMO,TE,067041,067041,2
SCONTRONE,AQ,066094,066094,2
PREMENO,VB,103055,103055,2
GIFFONI VALLE PIANA,SA,065056,065056,2
VILLAPERUCCIO,SU,111102,111102,2
PONTE SAN NICOLÒ,PD,028069,028069,2
CUPELLO,CH,069028,069028,2
BAGNARIA ARSA,UD,030008,030008,2
LACCHIARELLA,MI,015115,015115,2
TREVIGNANO ROMANO,RM,058107,058107,2
FONTANAFREDDA,PN,093022,093022,2
PIEVE SANTO STEFANO,AR,051030,051030,2
ISOLA DELLA SCALA,VR,023040,023040,2
ROSCIANO,PE,068035,068035,2
LARCIANO,PT,047006,047006,2
SOLIGNANO,PR,034035,034035,2
BENE VAGIENNA,CN,004019,004019,2
BORGO TICINO,NO,003025,003025,2
PINO TORINESE,TO,001192,001192,2
CHÂTILLON,AO,007020,007020,2
BISCEGLIE,BT,110003,110003,2
CAMPOSAMPIERO,PD,028019,028019,2
MEZZOLOMBARDO,TN,022117,022117,2
MORRO D'ORO,TE,067029,067029,2
CONCAMARISE,VR,023029,023029,2
FARA FILIORUM PETRI,CH,069030,069030,2
BARETE,AQ,066008,066008,2
SANT'ELIA FIUMERAPIDO,FR,060068,060068,2
VENEGONO INFERIORE,VA,012136,012136,2
BOSARO,RO,029007,029007,2
SAN POLO DEI CAVALIERI,RM,058096,058096,2
SAN PIO DELLE CAMERE,AQ,066088,066088,2
CUGGIONO,MI,015096,015096,2
RONDANINA,GE,010050,010050,2
LIZZANO,TA,073011,073011,2
VERUCCHIO,RN,099020,099020,2
CASORATE PRIMO,PV,018034,018034,2
RIVALTA BORMIDA,AL,006144,006144,2
PEVERAGNO,CN,004163,004163,2
GARDA,VR,023036,023036,2
PORTO TOLLE,RO,029039,029039,2
CAMPOLI DEL MONTE TABURNO,BN,062014,062014,2
BALVANO,PZ,076008,076008,2
DOSSENA,BG,016092,016092,2
CASTIONS DI STRADA,UD,030020,030020,2
SANT'ANGELO LODIGIANO,LO,098050,098050,2
RODÌ MILICI,ME,083075,083075,2
CASAPROTA,RI,057011,057011,2
FONDI,LT,059007,059007,2
GUALDO,MC,043021,043021,2
GALLIATE,NO,003068,003068,2
CALVIGNASCO,MI,015042,015042,2
ROCCAVIONE,CN,004192,004192,2
SANT'ANGELO ALL'ESCA,AV,064090,064090,2
MERGO,AN,042024,042024,2
MUZZANO,BI,096038,096038,2
ORIO CANAVESE,TO,001172,001172,2
SINI,OR,095060,095060,2
PAOLISI,BN,062048,062048,2
STRADELLA,PV,018153,018153,2
TOLLEGNO,BI,096068,096068,2
VILLAGA,VI,024117,024117,2
GENGA,AN,042020,042020,2
JESI,AN,042021,042021,2
CLAUT,PN,093015,093015,2
ALEZIO,LE,075003,075003,2
AYMAVILLES,AO,007008,007008,2
VILLANOVA MONFERRATO,AL,006185,006185,2
SAN GIOVANNI VALDARNO,AR,051033,051033,2
SESTO SAN GIOVANNI,MI,015209,015209,2
TERRALBA,OR,095065,095065,2
VILLA ESTENSE,PD,028102,028102,2
CORI,LT,059006,059006,2
FOSCIANDORA,LU,046014,046014,2
SANTO STEFANO QUISQUINA,AG,084040,084040,2
CASALOLDO,MN,020011,020011,2
MULAZZO,MS,045012,045012,2
CASTELVETRO PIACENTINO,PC,033014,033014,2
BROGLIANO,VI,024017,024017,2
CELLINO ATTANASIO,TE,067015,067015,2
PRATA D'ANSIDONIA,AQ,066074,066074,2
OTRICOLI,TR,055024,055024,2
MONTICELLI BRUSATI,BS,017112,017112,1
INTRODACQUA,AQ,066048,066048,1
FORINO,AV,064034,064034,1
CASINA,RE,035013,035013,1
BRESCELLO,RE,035006,035006,1
SAN PIER D'ISONZO,GO,031021,031021,1
VARSI,PR,034046,034046,1
ZANICA,BG,016245,016245,1
LAMEZIA TERME,CZ,079160,079160,1
ACERRA,NA,063001,063001,1
VICO EQUENSE,NA,063086,063086,1
PEGOGNAGA,MN,020039,020039,1
ROCCAMANDOLFI,IS,094040,094040,1
PIEVE VERGONTE,VB,103054,103054,1
CODOGNO,LO,098019,098019,1
ROCCASTRADA,GR,053021,053021,1
MONTENERODOMO,CH,069054,069054,1
LUCOLI,AQ,066052,066052,1
BELMONTE MEZZAGNO,PA,082009,082009,1
BERTINORO,FC,040003,040003,1
CASTEL RITALDI,PG,054008,054008,1
POVE DEL GRAPPA,VI,024081,024081,1
TORRECUSO,BN,062076,062076,1
ADRIA,RO,029001,029001,1
CHIERI,TO,001078,001078,1
AVEZZANO,AQ,066006,066006,1
SANT'AGATA DI MILITELLO,ME,083084,083084,1
VILLA DI BRIANO,CE,061098,061098,1
SAN GIULIANO DI PUGLIA,CB,070068,070068,1
TRIVENTO,CB,070081,070081,1
PIZZOLI,AQ,066072,066072,1
LESEGNO,CN,004108,004108,1
CAROVIGNO,BR,074002,074002,1
CASTIGLIONE MESSER MARINO,CH,069020,069020,1
SAN GREGORIO NELLE ALPI,BL,025045,025045,1
ORBETELLO,GR,053018,053018,1
BEINETTE,CN,004016,004016,1
REFRANCORE,AT,005089,005089,1
CERANO,NO,003049,003049,1
MASCALUCIA,CT,087024,087024,1
TORREBRUNA,CH,069093,069093,1
MONTAQUILA,IS,094028,094028,1
ORSARA BORMIDA,AL,006119,006119,1
TRECASTELLI,AN,042050,042050,1
GUARCINO,FR,060042,060042,1
SPINAZZOLA,BT,110008,110008,1
VAL BREMBILLA,BG,016253,016253,1
BARISCIANO,AQ,066009,066009,1
VILLA SANTA LUCIA DEGLI ABRUZZI,AQ,066104,066104,1
MONTEREALE,AQ,066056,066056,1
ORTONA,CH,069058,069058,1
BELLANTE,TE,067006,067006,1
CANISCHIO,TO,001052,001052,1
NORAGUGUME,NU,091050,091050,1
MIAZZINA,VB,103045,103045,1
ARMENO,NO,003006,003006,1
BUDOIA,PN,093008,093008,1
AURONZO DI CADORE,BL,025005,025005,1
SANTO STEFANO DI SESSANIO,AQ,066091,066091,1
TAGLIACOZZO,AQ,066099,066099,1
MARENO DI PIAVE,TV,026038,026038,1
MATTINATA,FG,071031,071031,1
OPI,AQ,066061,066061,1
VILLA D'ADDA,BG,016238,016238,1
GEMONIO,VA,012074,012074,1
CASTEL FRENTANO,CH,069018,069018,1
RIMINI,RN,099014,099014,1
SANT'ANGELO DI PIOVE DI SACCO,PD,028082,028082,1
ORMELLE,TV,026052,026052,1
NETRO,BI,096039,096039,1
VIVERONE,BI,096080,096080,1
PIZZALE,PV,018116,018116,1
CALITRI,AV,064015,064015,1
FRANCAVILLA BISIO,AL,006070,006070,1
LUNANO,PU,041022,041022,1
CASALETTO DI SOPRA,CR,019019,019019,1
POGGIO PICENZE,AQ,066073,066073,1
SAN GIOVANNI IN GALDO,CB,070066,070066,1
ANCONA,AN,042002,042002,1
CORNUDA,TV,026023,026023,1
ROMANENGO,CR,019086,019086,1
RODIGO,MN,020051,020051,1
ROSELLO,CH,069078,069078,1
SAN MAURIZIO CANAVESE,TO,001248,001248,1
PALMAS ARBOREA,OR,095039,095039,1
TORRE SAN PATRIZIO,FM,109040,109040,1
TOLENTINO,MC,043053,043053,1
ANZOLA DELL'EMILIA,BO,037001,037001,1
CASTIGLION FIORENTINO,AR,051012,051012,1
ALLUMIERE,RM,058004,058004,1
PIUBEGA,MN,020041,020041,1
CALCINATE,BG,016043,016043,1
ORICOLA,AQ,066062,066062,1
MENDICINO,CS,078079,078079,1
LORO CIUFFENNA,AR,051020,051020,1
LISCIA,CH,069049,069049,1
POGNANO,BG,016167,016167,1
MENDATICA,IM,008034,008034,1
LUOGOSANO,AV,064045,064045,1
MOTTEGGIANA,MN,020037,020037,1
CAPPADOCIA,AQ,066023,066023,1
FIUMICINO,RM,058120,058120,1
TAORMINA,ME,083097,083097,1
COMIGNAGO,NO,003052,003052,1
CHIUSI DELLA VERNA,AR,051015,051015,1
RANDAZZO,CT,087038,087038,1
MONTEMALE DI CUNEO,CN,004138,004138,1
ROCCA DI CAMBIO,AQ,066081,066081,1
SAVIORE DELL'ADAMELLO,BS,017175,017175,1
INCISA SCAPACCINO,AT,005058,005058,1
MAZZO DI VALTELLINA,SO,014040,014040,1
CARTURA,PD,028026,028026,1
RUBANO,PD,028072,028072,1
LAPPANO,CS,078065,078065,1
GRAGLIA,BI,096028,096028,1
COLLEGNO,TO,001090,001090,1
CONEGLIANO,TV,026021,026021,1
BAGNOLO CREMASCO,CR,019005,019005,1
CAPACCIO PAESTUM,SA,065025,065025,1
ROCCAPIEMONTE,SA,065108,065108,1
VINZAGLIO,NO,003164,003164,1
VERDERIO,LC,097091,097091,1
CASTELSILANO,KR,101005,101005,1
CIVITAQUANA,PE,068013,068013,1
LUCO DEI MARSI,AQ,066051,066051,1
REFRONTOLO,TV,026065,026065,1
MANGONE,CS,078075,078075,1
CUREGGIO,NO,003058,003058,1
CERCHIO,AQ,066033,066033,1
PETRIANO,PU,041045,041045,1
CARAGLIO,CN,004040,004040,1
MUGGIA,TS,032003,032003,1
FAENZA,RA,039010,039010,1
SAN GIOVANNI LIPIONI,CH,069080,069080,1
SECINARO,AQ,066097,066097,1
CAMPO DI GIOVE,AQ,066015,066015,1
BALOCCO,VC,002009,002009,1
GAVIGNANO,RM,058041,058041,1
RICCIONE,RN,099013,099013,1
CORRIDONIA,MC,043015,043015,1
FERRIERE,PC,033020,033020,1
VILLAMARZANA,RO,029049,029049,1
QUINGENTOLE,MN,020046,020046,1
MIGLIANICO,CH,069050,069050,1
ROBASSOMERO,TO,001220,001220,1
ANGROGNA,TO,001011,001011,1
QUATTRO CASTELLA,RE,035030,035030,1
TERNI,TR,055032,055032,1
MAGLIANO ALFIERI,CN,004113,004113,1
PERETO,AQ,066067,066067,1
GATTINARA,VC,002061,002061,1
ARCHI,CH,069002,069002,1
PISANO,NO,003119,003119,1
TRAREGO VIGGIONA,VB,103066,103066,1
TORRICELLA IN SABINA,RI,057069,057069,1
SCANNO,AQ,066093,066093,1
GIOIA TAURO,RC,080038,080038,1
BISENTI,TE,067007,067007,1
VEROLAVECCHIA,BS,017196,017196,1
MALO,VI,024055,024055,1
VESCOVANA,PD,028097,028097,1
SAN PIETRO AL NATISONE,UD,030103,030103,1
CAGNANO AMITERNO,AQ,066013,066013,1
BUGUGGIATE,VA,012025,012025,1
AGRATE CONTURBIA,NO,003001,003001,1
PAVAROLO,TO,001180,001180,1
SORBOLO MEZZANI,PR,034051,034051,1
FOSSA,AQ,066044,066044,1
DALMINE,BG,016091,016091,1
VELO VERONESE,VR,023090,023090,1
MONTEFERRANTE,CH,069052,069052,1
SAN CLEMENTE,RN,099016,099016,1
TARSIA,CS,078145,078145,1
VILLACHIARA,BS,017200,017200,1
CARNAGO,VA,012033,012033,1
CORTEMAGGIORE,PC,033018,033018,1
VIGEVANO,PV,018177,018177,1
NUMANA,AN,042032,042032,1
VILLANTERIO,PV,018180,018180,1
ZOLA PREDOSA,BO,037060,037060,1
